Model,Accuracy,AUC,Precision,Recall,F1_Score,MCC
logistic_regression,0.7991483321504613,0.8402800382340025,0.6426332288401254,0.5481283422459893,0.5916305916305916,0.46212030436999474
decision_tree,0.7842441447835344,0.8245821385207573,0.6035502958579881,0.5454545454545454,0.5730337078651685,0.43016151121423984
knn,0.7537260468417317,0.7749425198274302,0.5386819484240688,0.5026737967914439,0.5200553250345782,0.3550730956954538
naive_bayes,0.7466288147622427,0.8201038518174067,0.5160075329566854,0.732620320855615,0.605524861878453,0.44130202275571984
random_forest,0.7877927608232789,0.8208620734196181,0.631578947368421,0.48128342245989303,0.5462822458270106,0.4175364511550969
xgboost,0.7785663591199432,0.8185396161099487,0.595679012345679,0.516042780748663,0.5530085959885387,0.40869155078280867
